experiment,variant,rep,gpu_or_lanes,metric,value,unit
scaling,1gpu,1,GPU0_x8,wall_aggregate,72.5029318384,tok/s
scaling,1gpu,2,GPU0_x8,wall_aggregate,72.3563105155,tok/s
scaling,1gpu,3,GPU0_x8,wall_aggregate,71.9521637608,tok/s
scaling,1gpu,4,GPU0_x8,wall_aggregate,72.7695125247,tok/s
scaling,1gpu,5,GPU0_x8,wall_aggregate,73.3846174289,tok/s
scaling,1gpu_summary,,GPU0_x8,mean_wall_aggregate,72.5931072137,tok/s
scaling,2gpu,1,GPU0_x8+GPU2_x8,wall_aggregate,139.8126209462,tok/s
scaling,2gpu,2,GPU0_x8+GPU2_x8,wall_aggregate,138.1216307982,tok/s
scaling,2gpu,3,GPU0_x8+GPU2_x8,wall_aggregate,135.1297375603,tok/s
scaling,2gpu,4,GPU0_x8+GPU2_x8,wall_aggregate,135.1208847106,tok/s
scaling,2gpu,5,GPU0_x8+GPU2_x8,wall_aggregate,136.8547111310,tok/s
scaling,2gpu_summary,,GPU0_x8+GPU2_x8,mean_wall_aggregate,137.0079170293,tok/s
scaling,2gpu_summary,,GPU0_x8+GPU2_x8,speedup_vs_1gpu,1.8873,x
scaling,2gpu_summary,,GPU0_x8+GPU2_x8,parallel_efficiency,94.37,percent
scaling,3gpu,1,GPU0_x8+GPU2_x8+GPU1_x4,wall_aggregate,200.3551912745,tok/s
scaling,3gpu,2,GPU0_x8+GPU2_x8+GPU1_x4,wall_aggregate,181.5794295860,tok/s
scaling,3gpu,3,GPU0_x8+GPU2_x8+GPU1_x4,wall_aggregate,185.1531901183,tok/s
scaling,3gpu,4,GPU0_x8+GPU2_x8+GPU1_x4,wall_aggregate,182.6166661873,tok/s
scaling,3gpu,5,GPU0_x8+GPU2_x8+GPU1_x4,wall_aggregate,191.4598971109,tok/s
scaling,3gpu_summary,,GPU0_x8+GPU2_x8+GPU1_x4,mean_wall_aggregate,188.2328748554,tok/s
scaling,3gpu_summary,,GPU0_x8+GPU2_x8+GPU1_x4,speedup_vs_1gpu,2.5930,x
scaling,3gpu_summary,,GPU0_x8+GPU2_x8+GPU1_x4,parallel_efficiency,86.43,percent
ram_ablation,private,,GPU2_x8+GPU3_5060Ti_x4,total_engine_pss,95.3317,GiB
ram_ablation,shared,,GPU2_x8+GPU3_5060Ti_x4,total_engine_pss,52.0335,GiB
ram_ablation,shared_vs_private,,GPU2_x8+GPU3_5060Ti_x4,pss_reduction,43.2982,GiB
ram_ablation,shared_vs_private,,GPU2_x8+GPU3_5060Ti_x4,pss_reduction,45.42,percent
heterogeneous,5070ti_solo,1,GPU2_5070Ti_x8,fast_lane_tg,71.3097791058,tok/s
heterogeneous,5070ti_solo,2,GPU2_5070Ti_x8,fast_lane_tg,69.4767139600,tok/s
heterogeneous,5070ti_solo,3,GPU2_5070Ti_x8,fast_lane_tg,70.5478120333,tok/s
heterogeneous,5070ti_solo,4,GPU2_5070Ti_x8,fast_lane_tg,70.3989085168,tok/s
heterogeneous,5070ti_solo,5,GPU2_5070Ti_x8,fast_lane_tg,69.9491160456,tok/s
heterogeneous,5070ti_solo_summary,,GPU2_5070Ti_x8,fast_lane_mean,70.3364659323,tok/s
heterogeneous,5070ti_with_5060ti,1,GPU2_5070Ti_x8+GPU3_5060Ti_x4,fast_lane_tg,69.7656849827,tok/s
heterogeneous,5070ti_with_5060ti,1,GPU2_5070Ti_x8+GPU3_5060Ti_x4,slow_lane_tg,58.2448674168,tok/s
heterogeneous,5070ti_with_5060ti,2,GPU2_5070Ti_x8+GPU3_5060Ti_x4,fast_lane_tg,68.7099136693,tok/s
heterogeneous,5070ti_with_5060ti,2,GPU2_5070Ti_x8+GPU3_5060Ti_x4,slow_lane_tg,56.2545410015,tok/s
heterogeneous,5070ti_with_5060ti,3,GPU2_5070Ti_x8+GPU3_5060Ti_x4,fast_lane_tg,70.8032203181,tok/s
heterogeneous,5070ti_with_5060ti,3,GPU2_5070Ti_x8+GPU3_5060Ti_x4,slow_lane_tg,58.0473849369,tok/s
heterogeneous,5070ti_with_5060ti,4,GPU2_5070Ti_x8+GPU3_5060Ti_x4,fast_lane_tg,72.1263004707,tok/s
heterogeneous,5070ti_with_5060ti,4,GPU2_5070Ti_x8+GPU3_5060Ti_x4,slow_lane_tg,57.0960566013,tok/s
heterogeneous,5070ti_with_5060ti,5,GPU2_5070Ti_x8+GPU3_5060Ti_x4,fast_lane_tg,70.2016831628,tok/s
heterogeneous,5070ti_with_5060ti,5,GPU2_5070Ti_x8+GPU3_5060Ti_x4,slow_lane_tg,56.5886520986,tok/s
heterogeneous,summary,,GPU2_5070Ti_x8+GPU3_5060Ti_x4,fast_lane_concurrent_mean,70.3213605207,tok/s
heterogeneous,summary,,GPU2_5070Ti_x8+GPU3_5060Ti_x4,slow_lane_concurrent_mean,57.2463004110,tok/s
heterogeneous,summary,,GPU2_5070Ti_x8+GPU3_5060Ti_x4,fast_lane_slowdown,0.0214759320,percent
h2d,5070ti_x8_pinned,,GPU2_5070Ti_x8,layer_weighted_wall_mean,0.0813,ms
h2d,5070ti_x8_pageable,,GPU2_5070Ti_x8,layer_weighted_wall_mean,0.1170,ms
h2d,5070ti_x8_pageable,,GPU2_5070Ti_x8,largest_blob_p95_wall,0.1402,ms
h2d,5060ti_x4_pinned,,GPU3_5060Ti_x4,layer_weighted_wall_mean,0.1548,ms
h2d,5060ti_x4_pageable,,GPU3_5060Ti_x4,layer_weighted_wall_mean,0.1895,ms
h2d,5060ti_x4_pageable,,GPU3_5060Ti_x4,largest_blob_p95_wall,0.2443,ms
