section,metric,n,mean,sd,min,max,unit,notes
scaling,1_lane_common_wall_tg,5,70.8040025,1.5462522,69.4125945,73.2511423,tok/s,fixed prompt 429fe691f25560a1
scaling,2_lane_common_wall_tg,5,132.7600176,3.1288902,128.6795528,137.4487655,tok/s,fixed prompt
scaling,3_lane_common_wall_tg,5,189.4855709,3.2051033,186.1370758,193.7133526,tok/s,fixed prompt
memory,private_two_engine_pss,1,98.924864,,,,GiB,32768 context and 8192 resident KV each
memory,shared_two_engine_pss,1,52.083863,,,,GiB,same upstream native shared arena
memory,pss_saved,1,46.841001,,,,GiB,47.3501 percent
hetero,5070ti_solo_tg,8,71.5625,1.7598194,69.7,75.3,tok/s,ABBA chunks
hetero,5070ti_concurrent_tg,8,71.1625,1.4559607,69.4,74.2,tok/s,with RTX 5060 Ti
hetero,5060ti_concurrent_tg,8,57.575,1.5266677,55.6,59.9,tok/s,
hetero,common_wall_aggregate,8,113.8981895,2.9845976,110.2032666,118.5276239,tok/s,
mixed,mixed_3lane_common_wall_tg,9,184.6689861,5.9657386,176.7708852,194.8524526,tok/s,three workload rotations
mixed,fiction_lane_tg,9,62.6888889,2.3724694,59.7,66.5,tok/s,
mixed,coding_lane_tg,9,69.9222222,2.7169734,66.6,75.0,tok/s,
mixed,reasoning_lane_tg,9,65.9444444,1.8735735,62.4,67.9,tok/s,
